SIGLO_PERIODO_LECTIVO;ANIO_PERIODO_LECTIVO;MESI_PERIODO_LECTIVO;MESF_PERIODO_LECTIVO;FECHA_INICIO;FECHA_FIN;FECHA_ULT_ENTREGA_ACTA;FECHA_PRE_SOLIC_GRADO;NRO_SEMANAS_INTERTRIM;CEDULA_DIRECTOR_DACE;MENSAJE;FECHA_RETIRO;FECHA_MODIF;TIPO_PERIODO;FECHA_ULT_SOLIC_DOCUMENTO;PERIODO_SARTENEJAS;PERIDODO_LITORAL;PERIODO_POSTGRADO;PERIODO_EN_LETRAS
1;17;1;3;09-Jan-17;31-Mar-17;03-Apr-17;13-Jan-17;1;;.;03-Mar-17;22-Dec-16;R;17-Mar-01;1170103;107;144;ENERO-MARZO 2017
1;17;1;5;07-Jan-17;15-May-17;15-May-17;10-Mar-17;2;;PASANTIA;30-Mar-17;30-Mar-17;P;30-Mar-17;1170105;999;999;ENERO-MAYO 2017
1;17;4;7;17-Apr-17;07-Jul-17;10-Jul-17;28-Apr-17;1;;BIENVENIDOS COHORTE 2016/ACTIVAR EL USBID EN: WWW.DST.USB.VE;09-Jun-17;07-Apr-17;R;23-Jun-17;1170407;108;145;ABRIL-JULIO 2017
1;17;4;9;01-Apr-17;06-Sep-17;30-Sep-17;;1;;PASANTIA;08-May-17;06-Apr-17;P;14-Sep-17;1170409;999;999;ABRIL-SEPTIEMBRE 2017
